Id,Image
w_60c5e7e,e2318de7.jpg
w_9b401eb,0ae1a68a.jpg
w_3172910,c05585d8.jpg
w_376a413,0a1e0918.jpg
w_d6a3892,504f8f88.jpg
w_2b939eb,ecb4154d.jpg
w_b678944,bdc8f8c0.jpg
w_b648329,93bbca24.jpg
w_987a36f,8f91cab2.jpg
w_87050a3,eac26eef.jpg
w_7bda16b,1698ffd8.jpg
w_eb47189,e088fc6a.jpg
w_576db5d,5d3b54a2.jpg
w_c6be61e,ada9a221.jpg
w_2039053,b008b47d.jpg
w_ba17206,122a6d0b.jpg
w_b6886e5,4479f55f.jpg
w_6af9dd7,ea83bbc2.jpg
w_794effc,b716635e.jpg
w_2d25d1f,6aecb304.jpg
w_73b705e,200c562b.jpg
w_fbcb6e4,a7c139f4.jpg
w_2d2d7fe,5ba992c5.jpg
w_d6e437d,dbc80cc7.jpg
w_5c0e858,df4e8e26.jpg
w_17ee910,7e82a699.jpg
w_8d83172,bf5e5ff6.jpg
w_3d0bc7a,39e07595.jpg
w_bb37d93,09e3ccf8.jpg
w_c9111ac,d4f41bb7.jpg
w_f5a2610,8129219c.jpg
w_a14d6d8,7845558c.jpg
w_654a5bb,2f0f7ea3.jpg
w_dd086b2,0ade17ea.jpg
w_91572bb,e27e8336.jpg
w_1add6ae,bf6fb4b6.jpg
w_0e9f6d9,d203994b.jpg
w_1287fbc,048ee592.jpg
w_c9e1cdc,fba2f600.jpg
w_6c803bf,408abe70.jpg
w_8e4fa60,4526c42a.jpg
w_5624f08,747e4187.jpg
w_6202983,7722fdae.jpg
w_4b87cba,0cbd5aca.jpg
w_01b2250,aff1076a.jpg
w_57c14db,2d911a21.jpg
w_60eba40,371b1e06.jpg
w_f7a0fd7,e4b54435.jpg
w_218b25e,4bc67c6d.jpg
w_1274a11,ecd6d742.jpg
w_b39c722,c34ef3bc.jpg
w_78f2e92,8a13780e.jpg
w_62f299e,d8cc22d9.jpg
w_ca0ec7c,8e3d8e05.jpg
w_8a438a4,857c82d8.jpg
w_6af9dd7,1a648b03.jpg
w_b8f8e69,b84f3f14.jpg
w_7763134,2eaa2dfa.jpg
w_0eb2886,6e1e52e4.jpg
w_bf38f05,aba16389.jpg
w_7cd711c,bde31f6b.jpg
w_e6541e4,63160561.jpg
w_dc89c4c,b449b8ab.jpg
w_80245ee,562b8718.jpg
w_9db9ef5,7027cfb5.jpg
w_c0d494d,c589740c.jpg
w_62c3998,a5223de0.jpg
w_38e4aae,9fb1ca1b.jpg
w_1287fbc,bce26556.jpg
w_715d152,b4699f93.jpg
w_452f14f,b653c758.jpg
w_06c470d,a3f19c55.jpg
w_6918155,10edd168.jpg
w_ea2385d,4ad7cf90.jpg
w_e1431ba,bbf33b01.jpg
w_eec1133,c04949d6.jpg
w_34c4927,3150d5dc.jpg
w_0f92544,b54fe639.jpg
w_4659acf,423a7c6f.jpg
w_fd07344,0442910d.jpg
w_b29214f,44b8ff08.jpg
w_6af9dd7,263c81f7.jpg
w_c352046,f40e9c78.jpg
w_2018f6c,8b757590.jpg
w_aae82f8,51f1c787.jpg
w_bf4880a,146dc74e.jpg
w_d4eb9ed,1af13c8e.jpg
w_3449e4f,6a02bd8b.jpg
w_018bc64,03ef82dd.jpg
w_203e9d5,3d4db3e4.jpg
w_92d390e,62e79e06.jpg
w_15d7ecf,9a6e906e.jpg
w_f5b8faf,c992b305.jpg
w_1a5e7a2,6cb6a22b.jpg
w_fbcb6e4,7ff01ddd.jpg
w_3d187b5,514cc2af.jpg
w_9dcf002,2207146c.jpg
w_a2a1378,78868f34.jpg
w_e3c1ec4,f3d65e8f.jpg
w_ffcd98e,f002012a.jpg
w_44f66a7,9cd593ac.jpg
w_d47e2e3,a8312051.jpg
w_fb94a5a,6329fe0d.jpg
w_51df6ac,7fa4cc8e.jpg
w_7b5d0f0,22c05fbf.jpg
w_11adaae,5a069ac0.jpg
w_bbc2a14,b90439b6.jpg
w_4f6fabd,d4bb6cef.jpg
w_dfd7ee8,09a64684.jpg
w_3565288,bd26dddf.jpg
w_361e290,3c20d2ca.jpg
w_490c8a0,c9c0c8e0.jpg
w_70b4610,fd005e2e.jpg
w_34c4927,575bea2d.jpg
w_b081817,4f9cbe28.jpg
w_6af9dd7,5e13f5a1.jpg
w_eff7e35,7e5a3de2.jpg
w_df092eb,9316fbd9.jpg
w_1287fbc,f3733527.jpg
w_7e49f1e,da264c9b.jpg
w_4476e55,3a729497.jpg
w_a358522,900d78fa.jpg
w_4fd48e7,2c648f93.jpg
w_c0f3e88,23e769a9.jpg
w_bcb0696,c54d234e.jpg
w_361e290,c717208d.jpg
w_3026ce2,7283a92f.jpg
w_7e8b270,54b4a47c.jpg
w_156c0db,86334414.jpg
w_b9f5b8b,fa0ef6cd.jpg
w_5126776,5c7f4780.jpg
w_94cd45e,25547efc.jpg
w_da2efe0,85ad2200.jpg
w_1d970c9,f437515a.jpg
w_bb2d34d,4623645c.jpg
w_c0d494d,1236f7f4.jpg
w_c0d494d,95a1e2c6.jpg
w_bf3449f,a34f4aba.jpg
w_ff70408,b15cf8d1.jpg
w_3e0f25d,73f7b3b3.jpg
w_03fcd5d,b46d26ed.jpg
w_8397970,06bcf1df.jpg
w_65efe4d,413167bd.jpg
w_ab6bb0a,978e9b80.jpg
w_78f2e92,27027cf8.jpg
w_ee17a08,c27fb9a0.jpg
w_46540b1,505c0a65.jpg
w_fc7cc24,ab096689.jpg
w_cdc21df,c417a826.jpg
w_2f283f3,cfb5de85.jpg
w_59461a4,a50e0a66.jpg
w_55647bd,af3d3a07.jpg
w_9cb529f,4a88fa5c.jpg
w_414f402,abb917af.jpg
w_3d8c865,a0185167.jpg
w_9c61d57,cda9d5f1.jpg
w_7419e4b,cfbe82ed.jpg
w_3694c7d,00f8a2e9.jpg
w_56f9abb,a5d9e849.jpg
w_f229b69,a4ba9817.jpg
w_40323ac,fe13ca10.jpg
w_64f3545,a27fdae2.jpg
w_bb37d93,8a9b83e9.jpg
w_70b4610,8a43ab2d.jpg
w_a66b2a5,6fcc17a3.jpg
w_3aa2073,fa564c4d.jpg
w_2168ae2,9ca6aba0.jpg
w_7e1521a,5009f646.jpg
w_f0d8be1,9d6bca36.jpg
w_cd1f1ed,7019eac3.jpg
w_3feb2df,fd46c576.jpg
w_5b99089,8303ceae.jpg
w_29eb3b2,575d53aa.jpg
w_3608443,9bfc3c83.jpg
w_adc6e1b,635acd66.jpg
w_52b06b1,0809716b.jpg
w_3f907d6,322119d7.jpg
w_a048f26,7c559b68.jpg
w_affdf5d,13f70599.jpg
w_29670e2,16a98e7e.jpg
w_f4fc8cc,38a69f01.jpg
w_df15cc8,704ea44e.jpg
w_f79b3f9,e822fa31.jpg
w_7a3a328,92e9a58e.jpg
w_29670e2,b0a6d9e9.jpg
w_d9aab0a,805662a0.jpg
w_34c4927,261e304f.jpg
w_ee948c6,11d880cf.jpg
w_4a78bf2,1281321b.jpg
w_44cccf6,86c68144.jpg
w_21e178f,089deef1.jpg
w_56bbc91,113e7dfe.jpg
w_7185713,ee2061b2.jpg
w_2832e90,0ddc742a.jpg
w_e3c119c,f9a2ad4c.jpg
w_680b86e,54d2678a.jpg
w_551f5ca,a1c42179.jpg
w_0e9f6d9,ad365622.jpg
w_059ac60,92146d85.jpg
w_56bbc91,925c6294.jpg
w_941ca6a,335f2bcc.jpg
w_18a854b,a0e66d8c.jpg
w_ca40961,d4299275.jpg
w_fd3ce71,686ba2b8.jpg
w_8cf18ac,db80508c.jpg
w_5cc2285,c4fd9b66.jpg
w_eec1133,4b82e76a.jpg
w_c8126db,db02586f.jpg
w_4114553,315c01af.jpg
w_acc67ea,558414a9.jpg
w_414f402,714c7c7f.jpg
w_3d0bc7a,c815cdcf.jpg
w_1eafe46,84e10b1c.jpg
w_4c9d3df,5d3c8238.jpg
w_9ca943b,fb3ff8d1.jpg
w_559ce61,b21065ff.jpg
w_6132293,8b4cf458.jpg
w_9948a99,139e00a9.jpg
w_02d5fad,8e3ae2ad.jpg
w_18eee6e,82f53be8.jpg
w_63db6f9,5586f6bc.jpg
w_50d2084,e91aa901.jpg
w_c2580ef,22523e77.jpg
w_f115d53,350e474b.jpg
w_dc89c4c,423694c5.jpg
w_551f5ca,65fed75f.jpg
w_20eb13c,65c48e36.jpg
w_3664a22,b6f99dad.jpg
w_a80620a,b5b0abe5.jpg
w_56bbc91,3372b0a3.jpg
w_05567a9,82c626ff.jpg
w_abe383e,593e6a24.jpg
w_b729b1f,87a27c4d.jpg
w_9122179,9a03b94c.jpg
w_6c803bf,38ce3f3a.jpg
w_e147c40,97acfdb5.jpg
w_fd1cb9d,41e30a15.jpg
w_2a1d45c,c1228693.jpg
w_73b705e,55f22343.jpg
w_8cf18ac,e7b3694b.jpg
w_aa7e5f4,219f7ee1.jpg
w_bb2d34d,567f5a94.jpg
w_5ba417d,a940cf21.jpg
w_7db10cc,1f718faf.jpg
w_6e47e0e,dd2a1035.jpg
w_9ae554b,9c799d3f.jpg
w_a779e16,b560b85a.jpg
w_cd38536,6db1beb0.jpg
w_b067417,3b6c28a1.jpg
w_97f5054,ad2965b3.jpg
w_69185bb,dd39b81f.jpg
w_8e4abc9,0edad302.jpg
w_b678944,08e8807c.jpg
w_98baff9,a972c1d5.jpg
w_a646643,35028c7f.jpg
w_1da7080,408ccf48.jpg
w_0b3b659,3823af90.jpg
w_ba8c7bc,ff902758.jpg
w_3608443,4c55b45c.jpg
w_fc7cc24,cd72a780.jpg
w_2071a4c,2383cc95.jpg
w_0408054,cd25340c.jpg
w_9d0e84a,b3b96cf3.jpg
w_d4bc10d,0566148a.jpg
w_7b035cc,b81bc1d3.jpg
w_423e872,09823c77.jpg
w_8a2e496,369054b9.jpg
w_bd1dbed,3d52675d.jpg
w_3c2d938,53ac6373.jpg
w_d88328d,41609ec9.jpg
w_8cd3036,b0607baa.jpg
w_ad370e1,27920826.jpg
w_d3857a6,d773d2b1.jpg
w_c0287a9,f2b4c0fb.jpg
w_fba3bde,052c1353.jpg
w_be0fefb,19111464.jpg
w_86113c4,3ddf9d46.jpg
w_38e4aae,0d8ab7fd.jpg
w_bd65ef8,be55009d.jpg
w_e73d83c,3952616c.jpg
w_3197568,13096e25.jpg
w_59866ca,254a2522.jpg
w_a533837,d297a4ef.jpg
w_78999a6,0974d632.jpg
w_48dd419,d0d757ac.jpg
w_1743d93,09038032.jpg
w_86113c4,2591a121.jpg
w_d94db94,c3ebfe7a.jpg
w_338d945,5fcdea71.jpg
w_759b647,22b32757.jpg
w_d1bbde9,64f3a8c6.jpg
w_ae1db8a,794f74d0.jpg
w_817f022,36d80fec.jpg
w_65ec378,44ec4363.jpg
w_da63cba,b0754edd.jpg
w_f21f2ec,65679765.jpg
w_dfbfe10,401a1fb6.jpg
w_4855bd3,d1966a33.jpg
w_b7a832a,95d087c9.jpg
w_85755f7,1c5e57cb.jpg
w_127f4c6,2be8907a.jpg
w_3c304db,8a1bd110.jpg
w_89d9c03,2f077b2f.jpg
w_49bbc79,95cd730f.jpg
w_ab4bd59,616ad6c9.jpg
w_5f68f56,dc9473c9.jpg
w_89ca343,4c095353.jpg
w_7c7a78c,7cd1936f.jpg
w_d19a884,0a91423b.jpg
w_70a31ce,2cac3ecc.jpg
w_3e1ba5b,d3505240.jpg
w_fb8ca1e,6b74d42b.jpg
w_c241e72,af2d80cb.jpg
w_0324b97,a2397c06.jpg
w_ab4cae2,30003e7a.jpg
w_d66572d,dd12d4c9.jpg
w_6c899ff,cd905f11.jpg
w_e8bce8a,5b8e3407.jpg
w_5fc0120,e99cfc49.jpg
w_0beef28,60a9c21e.jpg
w_c352046,7a36f7a4.jpg
w_50729c4,31e21966.jpg
w_2dae424,2a48561b.jpg
w_38e4aae,5d2eccae.jpg
w_0b3f313,36022bdd.jpg
w_d88328d,cfa3fd9d.jpg
w_b80a9c5,11f7e46f.jpg
w_69e7dab,ee2d7e96.jpg
w_fc433f7,c4d35c2f.jpg
w_1a5e7a2,a84cc358.jpg
w_008c602,1b3d52b1.jpg
w_f3865d6,22fcd5b0.jpg
w_e4c8d6d,5495b6a2.jpg
w_153645e,bba009aa.jpg
w_89e159a,d05d867f.jpg
w_482c51f,de600cb7.jpg
w_f18df18,f371bc2c.jpg
w_045d9fc,e582c7f9.jpg
w_c1b685f,43317cb0.jpg
w_1ae1386,7d37e100.jpg
w_4e68ddc,910b4871.jpg
w_aed1e43,09f90f96.jpg
w_e63fbbe,52012129.jpg
w_7763134,fe2a1492.jpg
w_8b56cb1,bec82230.jpg
w_1287fbc,40fd1339.jpg
w_72d5b6c,a26fad4d.jpg
w_e6d0696,afa0ceaf.jpg
w_7427ace,378f4f13.jpg
w_62f804d,a1726635.jpg
w_ecb9a79,70426890.jpg
w_494dd45,c207b3ed.jpg
w_f0d8be1,06923a5a.jpg
w_8bc853a,d8cf3ba1.jpg
w_4e54fac,c77f6739.jpg
w_f5b8faf,d8e51768.jpg
w_cb9220b,1e1c33ec.jpg
w_cc3a724,f810f98d.jpg
w_3621c49,57b971c6.jpg
w_c751211,8aaf1a05.jpg
w_d4eb9ed,48dfca23.jpg
w_f79b3f9,b1bea65c.jpg
w_4655b25,23185664.jpg
w_759b647,2b96ae79.jpg
w_1c22d7e,3b0e146d.jpg
w_b942708,150bc841.jpg
w_5e04db0,95fd9a46.jpg
w_4b04829,284779d8.jpg
w_94cd45e,db937758.jpg
w_20f86e1,619da46f.jpg
w_c708dc7,ba2705de.jpg
w_865c2ba,c4332de0.jpg
w_ba53619,bb52d0b8.jpg
w_c02ac49,396616f2.jpg
w_63d10a1,4e7633f0.jpg
w_0819271,68a47f94.jpg
w_07616fd,61b73156.jpg
w_5384c57,e9f9a002.jpg
w_6232813,8fadaff5.jpg
w_49bbc79,5b58e4bd.jpg
w_1e7bb93,948db705.jpg
w_ecb9a79,9366a2a8.jpg
w_f4e0748,c779125a.jpg
w_1f00cb7,ab7c2378.jpg
w_6dc88a6,336c5c85.jpg
w_c0d494d,c22358de.jpg
w_5e57e8b,01d7717e.jpg
w_8867074,d7c1613b.jpg
w_eb0a6ed,f2c2f6a5.jpg
w_dbaa2b1,9735cc02.jpg
w_4e52a49,4bd002bf.jpg
w_33fc58d,d1b207ea.jpg
w_dc7c5a0,70c75fa5.jpg
w_8e451d9,b526dab3.jpg
w_cb8edf5,4d37e6fb.jpg
w_78f2e92,080e9751.jpg
w_9b318aa,3375a1cd.jpg
w_7028d77,58b9324f.jpg
w_41ed8e8,0abddb6c.jpg
w_9122179,003abee6.jpg
w_ee17a08,55b8b9ba.jpg
w_b2cded6,ccc47d13.jpg
w_4c8e7ae,e4ee0973.jpg
w_ab6db0f,070a0cfd.jpg
w_0fecdf7,962de98e.jpg
w_064ab78,3cea1e0f.jpg
w_4ebeafb,28d8c5e1.jpg
w_ed69e9c,2ef3ee1f.jpg
w_00c4901,b95ff924.jpg
w_a2e2f8e,fd42f774.jpg
w_c8f7bcd,90c49192.jpg
w_fba3bde,f40dcf2f.jpg
w_b6c4efa,ca1cdf55.jpg
w_f6086ac,9a1aa783.jpg
w_9ae554b,033eee72.jpg
w_61d516e,560ac504.jpg
w_d19a884,3ff016bd.jpg
w_ff70408,dcf8ca21.jpg
w_3f90907,4677c68f.jpg
w_b970272,8b5908db.jpg
w_f18df18,c0317da9.jpg
w_d5ec83f,4c5095c2.jpg
w_4095207,5c2b56ca.jpg
w_ceffa10,e839425b.jpg
w_932c8cd,3576558d.jpg
w_d9fdd15,3b61486f.jpg
w_9ea2cc3,c469bbf9.jpg
w_662a132,46eba5ea.jpg
w_1f00cb7,586b72c3.jpg
w_d89b29e,5711a1c2.jpg
w_b6886e5,8ff07b6c.jpg
w_ff7630a,528341d2.jpg
w_19f7a8b,7de88806.jpg
w_f438375,fcbe8e7c.jpg
w_b081817,17af613a.jpg
w_6751cb2,09293d9b.jpg
w_b0b275e,1e96596a.jpg
w_4b47559,0a3cd4cb.jpg
w_c27d036,867b6d4e.jpg
w_badfc4b,1385abe3.jpg
w_532fb22,e37dc3f9.jpg
w_aca9607,570188cc.jpg
w_8201aa8,0ac52fa3.jpg
w_1a70685,64eee451.jpg
w_1272a31,fcecaa2d.jpg
w_3650949,658cbb0a.jpg
w_e2e56e9,b5bf8e2e.jpg
w_71c7322,92ca24b7.jpg
w_f22f3e3,820be618.jpg
w_2386a5a,d1769ff3.jpg
w_338d945,d8741c52.jpg
w_c429c2a,9714c3d8.jpg
w_2fe43c7,14e3afb2.jpg
w_97f5054,fbcaa392.jpg
w_3bc8a47,40b1d13f.jpg
w_aae82f8,14224b84.jpg
w_daeb296,65f6b91e.jpg
w_6257bdf,fe649363.jpg
w_2071a4c,45f8d4cf.jpg
w_ab6db0f,9b573c6a.jpg
w_a2f5cc0,eae47465.jpg
w_7852bd1,04e42b2c.jpg
w_2be1c9c,8763ae38.jpg
w_6d4dedc,fff31d26.jpg
w_d014794,83529f86.jpg
w_2282bb8,598ad24b.jpg
w_fd1cb9d,c199b095.jpg
w_a526492,d8c0d629.jpg
w_9ca943b,763c96a5.jpg
w_373593e,3d59af32.jpg
w_831f124,eb15e0c6.jpg
w_7311fe4,9e10c349.jpg
w_dfbfe10,9ef752c5.jpg
w_b4ad62f,8234ac42.jpg
w_7e1521a,c39b71d0.jpg
w_a14d6d8,c88984b6.jpg
w_fba3bde,98058390.jpg
w_95874a5,f093aae6.jpg
w_58c3bf9,5f6b8932.jpg
w_e73d83c,70802804.jpg
w_ae07541,9f91ec81.jpg
w_12cdfbd,977c4b0b.jpg
w_23526cb,ac355f87.jpg
w_66fb697,e88f2cb1.jpg
w_a335e80,3ff7de04.jpg
w_5bc7e7f,48d4e00e.jpg
w_b6689cc,2477bfac.jpg
w_4a7080a,971736f7.jpg
w_6ddff9b,ce37ec31.jpg
w_491607b,f876ca8b.jpg
w_8bc853a,5ba40bad.jpg
w_fa32440,4cc24d3e.jpg
w_050d056,efaad29e.jpg
w_89e451c,762b11f2.jpg
w_296749b,d5713f8d.jpg
w_d4251cb,b1151672.jpg
w_06a6351,13d89cea.jpg
w_89e159a,e95ea72d.jpg
w_0771d4b,dc2b8129.jpg
w_4f38350,1fdc74d6.jpg
w_8044362,ad5145b5.jpg
w_fe424c3,b744f85d.jpg
w_c34afd7,7cd8e528.jpg
w_17ee910,43547cf4.jpg
w_7cca153,f9642a6b.jpg
w_38e4aae,564feb3f.jpg
w_2957331,0266c5b9.jpg
w_dd90e0a,080c3e94.jpg
w_4659acf,1ecde851.jpg
w_d88328d,833563d5.jpg
w_7bcc2d6,6407a44c.jpg
w_9c3db0a,e95e9206.jpg
w_9bcb0f8,670379d4.jpg
w_0771d4b,611de927.jpg
w_4b7b80b,e64104d9.jpg
w_aeca19c,7a270116.jpg
w_d2be6cc,7a0d3770.jpg
w_17ee910,10a0d727.jpg
w_ea9b531,86c71589.jpg
w_290f82b,bed3698c.jpg
w_d9055d1,594f5c3a.jpg
w_7d7d108,434dcad3.jpg
w_b4732ef,e6745599.jpg
w_16ea0b2,096813b1.jpg
w_3b3b9b2,61579fb5.jpg
w_f4fc8cc,ebea0983.jpg
w_7ed0d17,e8dbaffd.jpg
w_5415fcb,fc8baa66.jpg
w_e30e97f,3006a76c.jpg
w_243e33e,d4cc2295.jpg
w_db2baec,7b03445a.jpg
w_7c7a78c,f5ef4c14.jpg
w_e0efc4f,ee6aeb8f.jpg
w_6c803bf,36d72fe3.jpg
w_f6c23d5,c02b3fcf.jpg
w_a369ccf,c69b17a3.jpg
w_cf00b01,78443187.jpg
w_fd1cb9d,81ca627a.jpg
w_fd1a27f,5812d4a0.jpg
w_df7485b,94183a62.jpg
w_92d55a6,c07645c8.jpg
w_d88328d,25cfd7f9.jpg
w_6ae1eaf,d53de219.jpg
w_eb0a6ed,a6588230.jpg
w_847088b,4b0e4b79.jpg
w_71e6583,fae3e38d.jpg
w_096bc48,a0e55c4e.jpg
w_5ba417d,cf2d09a4.jpg
w_cae7677,e69e5bf1.jpg
w_900fab7,e19d71ac.jpg
w_2071a4c,1627d426.jpg
w_5b99089,666df913.jpg
w_654a5bb,107234c0.jpg
w_4e7fc3e,52281db5.jpg
w_6c23fcc,848759e9.jpg
w_1948625,a9c167ff.jpg
w_eb39613,23191ca9.jpg
w_837646b,7dcf340a.jpg
w_773509f,52bad22c.jpg
w_376a413,c0edc059.jpg
w_fe6617a,a4e22701.jpg
w_d37b55b,a7bb7be8.jpg
w_fe6f08d,fb8178d5.jpg
w_fa32440,4313c71b.jpg
w_87050a3,7943acec.jpg
w_3664a22,503698ec.jpg
w_1287fbc,d5ec8128.jpg
w_2fd21ec,26a651b2.jpg
w_4fd48e7,c4692a20.jpg
w_8d83172,7262956d.jpg
w_ae07541,24c17b2b.jpg
w_bf38f05,2025aea0.jpg
w_dcb1f2a,6070b7c3.jpg
w_e6ddfe1,7397413f.jpg
w_4620de1,9e912090.jpg
w_bf65341,fdfacfec.jpg
w_711aaa1,d5e28a50.jpg
w_1287fbc,c5954a01.jpg
w_b7d5069,55815837.jpg
w_bde9c34,dbe7d626.jpg
w_d1d8f98,1e50e6a7.jpg
w_fe6617a,59d526d0.jpg
w_685466f,c3050651.jpg
w_ba5336c,99a818bd.jpg
w_24bdae3,96c1caa3.jpg
w_19a5685,96afdb14.jpg
w_1274a11,826832b9.jpg
w_da9254f,f347e412.jpg
w_3023ee5,ee6aef6b.jpg
w_414f402,d165fade.jpg
w_ba39446,27f27b93.jpg
w_4be373e,557f59f1.jpg
w_31d3999,efd810e1.jpg
w_66c1b54,16e8218b.jpg
w_2e872af,7c19e299.jpg
w_c39fceb,2e6735bf.jpg
w_8a31e6c,8ad954eb.jpg
w_da2efe0,7c72d707.jpg
w_693c9ee,baab807a.jpg
w_72d5b6c,3ae532ab.jpg
w_666b072,dfe0f6d5.jpg
w_94cd45e,2248e860.jpg
w_681dba6,1cd2d799.jpg
w_dbaa2b1,1f8f58ce.jpg
w_d9aab0a,959081ca.jpg
w_13c6b6b,4dd84c57.jpg
w_deb33de,75bdebac.jpg
w_33909b8,85a5d038.jpg
w_552a16e,7ee3de52.jpg
w_b0362e2,16a4bf9e.jpg
w_1638016,15d30ae9.jpg
w_3de676c,d1863c13.jpg
w_89973e5,da7f4fdb.jpg
w_e594616,0e2ad534.jpg
w_54c00ad,5cde3345.jpg
w_5d86f98,5dd5d15d.jpg
w_8a1ab00,7d175db0.jpg
w_49bbc79,bb6ff0aa.jpg
w_773967d,2905a48a.jpg
w_3f91e04,4422a87d.jpg
w_96c141f,f384e66a.jpg
w_8e3ebeb,c5c34698.jpg
w_9122179,f73c1200.jpg
w_da2efe0,ce2414b0.jpg
w_00fbb4e,7634b304.jpg
w_be32bec,397bc85e.jpg
w_2250fa9,7d3c079e.jpg
w_64f3545,fcc8db36.jpg
w_1489751,847ffdf5.jpg
w_7bf3a5c,e7c148f4.jpg
w_4b16688,cde23f50.jpg
w_5f50b5e,aee68659.jpg
w_002222a,dfad99f9.jpg
w_0ee4d6d,f36a92c0.jpg
w_97982cf,f30f7b06.jpg
w_7459706,a44ce39a.jpg
w_2a939eb,92abd4dc.jpg
w_a3dbc8f,4443b801.jpg
w_7b3f9d1,9fc43aa0.jpg
w_17ee910,d6a8377f.jpg
w_1a70685,b7388e74.jpg
w_ed3bd5b,d153b5a0.jpg
w_0471bdf,7bf7e077.jpg
w_2b0028d,453deddb.jpg
w_d7de1ee,17fbdea5.jpg
w_cbedcb0,a53809dd.jpg
w_c9e1cdc,ea9e91fb.jpg
w_64f3545,433e87b8.jpg
w_89e159a,d9a550b4.jpg
w_4c9d3df,3c5f65db.jpg
w_4981cba,4c695295.jpg
w_bb37d93,d2421a1e.jpg
w_73d5489,48ec2905.jpg
w_c10ffe9,f8621f55.jpg
w_143b201,4e267ab6.jpg
w_ee9c4d7,08e7f5ae.jpg
w_681dba6,537307ff.jpg
w_ed5cdab,52a50fbe.jpg
w_143b201,b6cad193.jpg
w_41fa033,9fa72c86.jpg
w_9e1e278,cdda6b5a.jpg
w_ace8c54,befa211a.jpg
w_90ec71a,eee8af8e.jpg
w_18df014,855b5ce3.jpg
w_ccb4adc,15e89133.jpg
w_e6d0696,949d19dd.jpg
w_d36f58c,6c9ee9a0.jpg
w_6c899ff,3273f6a7.jpg
w_2901dbf,bd6d9c1b.jpg
w_e158680,dd372f9f.jpg
w_d1bbde9,3a986cd6.jpg
w_7763134,75f18083.jpg
w_b738048,e28b5f9c.jpg
w_9146eae,836c80f0.jpg
w_6547e12,d96474de.jpg
w_fb7a56b,8ba3c241.jpg
w_5f50b5e,02011e3d.jpg
w_c74ab24,6219c2b2.jpg
w_d4bc10d,7a71147e.jpg
w_ee17a08,a80e27da.jpg
w_a837660,ef213f34.jpg
w_bf69a19,d44dc8cb.jpg
w_01e1223,63f4fab9.jpg
w_f6fb689,a3a8b8a0.jpg
w_b48535f,6ce7318c.jpg
w_059df09,c777c14b.jpg
w_073f071,22a88b8b.jpg
w_e62b5d8,6b14d2c4.jpg
w_cd65880,b5a61d42.jpg
w_7214e98,8373e18c.jpg
w_9151503,1cff9f8d.jpg
w_2ac83b0,366d339a.jpg
w_8e23e4c,64e134a0.jpg
w_b0b275e,12f9c120.jpg
w_7a9f3f6,dbd377d5.jpg
w_f86488a,a0be8255.jpg
w_6b3402d,07441b1a.jpg
w_ace8c54,9758f1b8.jpg
w_dfd7ee8,7a11f5b1.jpg
w_d3857a6,7697990c.jpg
w_1fd0d0e,0ab18714.jpg
w_e69cef0,8f641913.jpg
w_07616fd,de098549.jpg
w_2071a4c,10273aaa.jpg
w_1febbf3,ac0ef79e.jpg
w_9db9ef5,1f473961.jpg
w_bf38f05,db725f2d.jpg
w_7ca11d6,621be7e6.jpg
w_5b45503,bfb02cdf.jpg
w_b5e3076,f2f57c00.jpg
w_778ee6e,a969fe85.jpg
w_c0d494d,9001e64e.jpg
w_1a5e7a2,e5e6b9c1.jpg
w_8643ba3,cbaa8714.jpg
w_219e33c,c8e4ea52.jpg
w_693c9ee,016ed817.jpg
w_d80e1bc,a50847eb.jpg
w_cc1f8bc,db9e9b26.jpg
w_dff2982,b0340ffa.jpg
w_e17b0f1,1df1f4b4.jpg
w_8fd5636,4d8a196c.jpg
w_9e862ac,05df666d.jpg
w_e3b3ade,297e6eb0.jpg
w_26dd948,5004a0c9.jpg
w_fc7cc24,d04c18c7.jpg
w_4b87cba,d3e61914.jpg
w_5d84c65,9e5a9198.jpg
w_cd02407,de602042.jpg
w_53859b2,f38023f9.jpg
w_94cd45e,498264da.jpg
w_70e49bc,8380d897.jpg
w_49bbc79,8f82d3ce.jpg
w_6249f5d,0c77fb85.jpg
w_f4e84c1,3439c66b.jpg
w_dc89c4c,1ce2d1b0.jpg
w_ea2385d,9f925716.jpg
w_15928c6,79a62bd6.jpg
w_c529cf1,cf2aa502.jpg
w_83714b7,a91049b9.jpg
w_52b06b1,c1cf8577.jpg
w_5d86f98,5dcd1df7.jpg
w_f8c3a63,408ecac5.jpg
w_837646b,e78a0547.jpg
w_97f5054,e73ac704.jpg
w_ba39446,7e1f2820.jpg
w_1287fbc,8384c3a3.jpg
w_8f3cb68,7b230f77.jpg
w_7419e4b,7bd3181d.jpg
w_ace34dc,adebf421.jpg
w_1fb42f1,68596681.jpg
w_89e159a,d3cf7753.jpg
w_361e290,51b303b4.jpg
w_f22f3e3,89c94943.jpg
w_b70a0c4,8495ae89.jpg
w_07abdff,1d6b0350.jpg
w_1eafe46,b4612289.jpg
w_516bedb,6525ea72.jpg
w_272259b,21b0b37d.jpg
w_c5e6997,24e986ac.jpg
w_ec38983,2a67a1a8.jpg
w_3d0bc7a,900885ce.jpg
w_81b402a,bdcdb761.jpg
w_e3b2cfa,2c8791c7.jpg
w_693c9ee,ce920072.jpg
w_bcad8eb,e8a19bb5.jpg
w_773509f,e62d6780.jpg
w_17ee910,46535d2d.jpg
w_b38374a,3687308a.jpg
w_e73d83c,1aba79d0.jpg
w_eb9ab29,7c9deede.jpg
w_ea4935f,1c809c0e.jpg
w_966e86e,21acb21e.jpg
w_142402e,5d0e7340.jpg
w_7d9642c,1ff11dd2.jpg
w_a913945,7dd9ce5b.jpg
w_b0e05b1,d23ee7cd.jpg
w_f9038ed,5e5b187b.jpg
w_f70bf4d,cbe432c4.jpg
w_7763134,63b79b44.jpg
w_b318111,08e80f33.jpg
w_bb2d34d,97c4d3d5.jpg
w_e7a238b,6addcfc9.jpg
w_831f124,6698a351.jpg
w_462a117,14cdb2cd.jpg
w_abe383e,949ca0ac.jpg
w_abe383e,e26fa15f.jpg
w_80618a3,42f6ab5b.jpg
w_8201aa8,08abb450.jpg
w_4b18498,93987849.jpg
w_e126028,3329cc81.jpg
w_67e6b75,ebd366df.jpg
w_6dd7c3d,0ab5c2da.jpg
w_4855bd3,6b7137f5.jpg
w_8327e8d,9d7e93ea.jpg
w_abc2eda,b3540fe5.jpg
w_2d99a0c,4bc6cbc5.jpg
w_8d3b8b6,c819890d.jpg
w_ca813c2,a2adf3b8.jpg
w_afed305,3a5077cb.jpg
w_52a8436,a1c70c69.jpg
w_b6689cc,d3cda094.jpg
w_d3ce445,e668e733.jpg
w_e3f51ec,87a37a22.jpg
w_0d39a68,cd4ff833.jpg
w_7c6ad05,144a474e.jpg
w_309a2b3,8e8e966e.jpg
w_9df0865,568fed3d.jpg
w_a464d28,df3a53ff.jpg
w_e1f55ad,4023c311.jpg
w_dfbfe10,a2494e7a.jpg
w_7c44934,da167ccd.jpg
w_9c3db0a,ab0debd5.jpg
w_900fab7,6ba0aadd.jpg
w_03c84ef,6096493d.jpg
w_fbce8b4,72d642bc.jpg
w_5415fcb,1781e458.jpg
w_050d056,9bc04aee.jpg
w_9e22ded,adc49937.jpg
w_9b401eb,827e47a7.jpg
w_f0f0dbb,517e17a4.jpg
w_ec853f1,586899d7.jpg
w_4a78bf2,3fbbb35f.jpg
w_3dc5e74,c7d915b5.jpg
w_272259b,2cdb4152.jpg
w_8e4abc9,250165f9.jpg
w_5cc2285,f5e4d2d2.jpg
w_1287fbc,2514dc00.jpg
w_a2660fd,5e9a3a4d.jpg
w_bdbec6c,5e4a0e02.jpg
w_53859b2,6175bb26.jpg
w_e700deb,62e05bff.jpg
w_8420f42,4ed01dce.jpg
w_a19eecd,e3e39211.jpg
w_d25a717,6a0a6d66.jpg
w_61ffd2c,6661cd48.jpg
w_6badfcf,4daf70ac.jpg
w_34fd328,053bfc7e.jpg
w_011d4b5,5fb119af.jpg
w_18a854b,1dbaca27.jpg
w_c3684ba,f3e083fb.jpg
w_78f2e92,63ac23b4.jpg
w_dce3192,0480833f.jpg
w_44cccf6,0e987496.jpg
w_1287fbc,3e6285a2.jpg
w_3076d8c,838ee52e.jpg
w_44cccf6,b22a154e.jpg
w_4fd48e7,14ab5e1e.jpg
w_ce29d2a,4b6a6671.jpg
w_e6f2c2d,ff953b45.jpg
w_4c8e7ae,2b441e8d.jpg
w_048f7a9,60759001.jpg
w_fa32440,ad2e9328.jpg
w_7e8b270,25e691ed.jpg
w_c63fdb6,c1f9412b.jpg
w_daeb296,24d88bd9.jpg
w_773509f,1cb60c1e.jpg
w_4c8244d,df880bf0.jpg
w_6635a97,82d3ce3b.jpg
w_c3f9618,fe3912d4.jpg
w_886257d,324fb49e.jpg
w_073b15e,a6178dbc.jpg
w_9ca943b,5af77c5d.jpg
w_d037229,a7762731.jpg
w_afe953f,e9b0f5be.jpg
w_19aeb9c,70a5e698.jpg
w_a533837,56566b74.jpg
w_58bca3c,93244a0b.jpg
w_6aad777,58f369a1.jpg
w_02d5fad,5dac0856.jpg
w_56f2b1e,a2e54dcb.jpg
w_993d66c,55837719.jpg
w_fbcb6e4,cff5ac47.jpg
w_f115d53,f31475e5.jpg
w_a7f847f,72881b4a.jpg
w_d249ed6,13abdc63.jpg
w_8044362,38ffa5bd.jpg
w_df22ff1,69b6d3bf.jpg
w_735ce7d,be81b5d1.jpg
w_2641733,33d7b079.jpg
w_e826a6f,feb081fe.jpg
w_2d2d7fe,63a0e789.jpg
w_2f97ce6,5ada057e.jpg
w_02e5407,d4a7c830.jpg
w_affc813,44e5901e.jpg
w_532e2cc,6dd8a114.jpg
w_2a51a27,9807c2a5.jpg
w_b38374a,5804150c.jpg
w_376a413,b54537e1.jpg
w_50cd600,75b777bb.jpg
w_601b6d4,fa6f6d84.jpg
w_2a32d3d,7e95b9b9.jpg
w_469f571,0e41e750.jpg
w_17ee910,a38151be.jpg
w_6a78025,7c534354.jpg
w_fd6f24f,2ecc3b81.jpg
w_efe57c7,3754ffd7.jpg
w_7ae398c,c866b037.jpg
w_42f935c,701e3b55.jpg
w_715d152,c3efaa7d.jpg
w_02facde,2924fa98.jpg
w_f64658b,b7ee145f.jpg
w_3b0894d,0c3b1052.jpg
w_ffb4e3d,554d0092.jpg
w_f21f2ec,60965069.jpg
w_fd1cb9d,265ae545.jpg
w_303518a,1ce30a8d.jpg
w_19ca2c6,077839e0.jpg
w_ec38983,797966b9.jpg
w_f6c23d5,dc4c2d2a.jpg
w_26bd720,33d97f4a.jpg
w_d8e752e,d8e477dc.jpg
w_8244367,8b1dbac0.jpg
w_17370ba,d8ef79fe.jpg
w_9dc6e7f,da0db126.jpg
w_7dee51b,3178ccf1.jpg
w_35453e0,d7f77ae3.jpg
w_ba8c7bc,41b28ad7.jpg
w_7c979d9,670f5a00.jpg
w_09f9fd3,e81d7140.jpg
w_28cd742,01485623.jpg
w_1489751,443d2976.jpg
w_01b2250,f47e26b3.jpg
w_05b2ddd,1f0d10a2.jpg
w_ec354a5,030ac4a7.jpg
w_d3c8520,fd3fb596.jpg
w_c0d1701,22333b76.jpg
w_b8236d6,1cbfe28b.jpg
w_f93d780,ecc7d8ed.jpg
w_2870b33,af45eca5.jpg
w_95874a5,93bbba81.jpg
w_6e8486d,3dec200b.jpg
w_cf00b01,5874eea9.jpg
w_e0f1df1,9a9a24bc.jpg
w_5f82501,56b2b277.jpg
w_9e4a26f,fd7f19ba.jpg
w_5e57e8b,270d9835.jpg
w_81b402a,72dd67a8.jpg
w_1a70685,095bf27c.jpg
w_e88388a,504168cd.jpg
w_75bac95,d3d1da7a.jpg
w_acc67ea,25916597.jpg
w_8b1ca89,2e32f6a8.jpg
w_d3c8520,e1841979.jpg
w_e55a554,fb7c826b.jpg
w_71764b4,da0da311.jpg
w_238a4ad,6aad51bb.jpg
w_abe383e,04daa8f0.jpg
w_2d99a0c,1a12eb86.jpg
w_69185bb,38a6a91c.jpg
w_59349ea,114384bb.jpg
w_c9e1cdc,f4f85800.jpg
w_cb7d1b5,f0b558fd.jpg
w_8d46cef,0b93669d.jpg
w_90ec71a,06e4483c.jpg
w_db2baec,cdf51dda.jpg
w_72e70e5,71211185.jpg
w_6dbb861,51970f48.jpg
w_896023f,f92acf1f.jpg
w_0e9f6d9,b2a8a49f.jpg
w_94e1ed4,14ece634.jpg
w_17964ef,0922c443.jpg
w_1f10750,ecc19efc.jpg
w_eb0a6ed,eec1653e.jpg
w_f843a8d,5516823e.jpg
w_71bfc77,70a14b2f.jpg
w_89317b0,9f0eb0dc.jpg
w_1489751,f2d2e4f4.jpg
w_3449e4f,fa49be23.jpg
w_4e1f7bd,dc47bb21.jpg
w_65428d9,8d12b1a0.jpg
w_13c6b6b,b9f272a8.jpg
w_2282bb8,dee306f6.jpg
w_cf25b86,bd6b9eb3.jpg
w_67fecca,35f56453.jpg
w_f37508c,28e4bb22.jpg
w_72e70e5,bc6475b6.jpg
w_06dbe6b,3b682f63.jpg
w_e0f1df1,da7ca602.jpg
w_1a70685,a68b4b07.jpg
w_cc759cd,31249cfa.jpg
w_9b3ed01,94bc8c1f.jpg
w_096bc48,6914d83d.jpg
w_c58b474,8cc15aa4.jpg
w_64a51a4,8e9b9a54.jpg
w_1652da1,35c9986b.jpg
w_d10472d,c3dd0a96.jpg
w_7c7a78c,91e5f301.jpg
w_38e4aae,fa11e7d5.jpg
w_0d39a68,f3a835ac.jpg
w_e8a6c4b,8abe1548.jpg
w_e0f1df1,5f3d2f65.jpg
w_e80641a,1338f2db.jpg
w_5fbef36,04494ac2.jpg
w_0dee306,081471ad.jpg
w_2f6a962,d9ab6236.jpg
w_97e7648,d64afc51.jpg
w_cd1f1ed,d7ed434f.jpg
w_1029f4e,34b7bf11.jpg
w_fa32440,f503b369.jpg
w_7049d9f,44a7718f.jpg
w_b8dff40,50d2f8e4.jpg
w_73b705e,132e6ceb.jpg
w_7a2dfd7,f8a0c9de.jpg
w_cd22b23,3ccc5880.jpg
w_29fc831,ca47ce7c.jpg
w_fe49bc4,f5869fe5.jpg
w_67de30b,23814b88.jpg
w_c30959a,6e31ca9b.jpg
w_8c1dab2,d3e01b61.jpg
w_4fd48e7,7e7a8639.jpg
w_e62b5d8,0b4b540a.jpg
w_654a5bb,059c0d79.jpg
w_43b50e5,265a33a3.jpg
w_b7d5069,9ca83d53.jpg
w_1d0e29a,e1f9ffee.jpg
w_759b647,4bdd3411.jpg
w_cb7b682,66d166d4.jpg
w_2bea4c4,c3d6e88f.jpg
w_851a7f4,274a7962.jpg
w_1c2fb13,bb146299.jpg
w_da6d50b,d0443183.jpg
w_90ec71a,573d250d.jpg
w_309a2b3,846778e6.jpg
w_e57b3ce,5d4e469e.jpg
w_9e1e278,7462efdc.jpg
w_7028d77,a98bfd97.jpg
w_851a7f4,f93a516b.jpg
w_1e45a47,77c81601.jpg
w_0824736,a93faaf6.jpg
w_309a2b3,9d9bd9ff.jpg
w_b14007c,e561b0f8.jpg
w_0c70bc3,9d8bc5cc.jpg
w_d8f848c,560bb2e7.jpg
w_95874a5,784f44c2.jpg
w_414c24a,5148671d.jpg
w_1287fbc,3fc7fd6c.jpg
w_62f804d,aca6852f.jpg
w_372ae75,a40d8ad7.jpg
w_0771d4b,66d13b68.jpg
w_92d390e,3359feb8.jpg
w_4d98ef7,50af9ba9.jpg
w_d3a5075,3499ff9f.jpg
w_ed3bd5b,6ac8b96f.jpg
w_13c6b6b,4bb0f99b.jpg
w_b48535f,58685afd.jpg
w_b6689cc,2cf6f481.jpg
w_19f7a8b,6094374e.jpg
w_aa16da4,1a0b3c37.jpg
w_02facde,4939b97f.jpg
w_3d66298,0015f9b4.jpg
w_3ae3603,6845b1d3.jpg
w_8a31e6c,5d7ca286.jpg
w_a2564cf,2c7128f8.jpg
w_17ee910,4e93fc59.jpg
w_b942708,9e52f39f.jpg
w_b942708,a1a07ee3.jpg
w_3f90907,7f1b9071.jpg
w_2d99a0c,01ac69d4.jpg
w_e5edb40,33d86897.jpg
w_238bbbf,c468c2a1.jpg
w_b9f5b8b,1df9e9d1.jpg
w_dbb786d,182d295f.jpg
w_881f3c4,af2264cb.jpg
w_ff2c4a4,7642cc85.jpg
w_0cb6294,08655c0f.jpg
w_ceffa10,0bab5849.jpg
w_c9e1cdc,e43df390.jpg
w_e5250e9,96a9a969.jpg
w_2ea9744,81bae29d.jpg
w_c9e1cdc,33e1029f.jpg
w_8c408dc,3a2f7478.jpg
w_3d66298,46a4eb91.jpg
w_21a1bdb,487814b4.jpg
w_4dfe7cb,abb17c4b.jpg
w_28ce17c,35fce87b.jpg
w_17ee910,fbb4b607.jpg
w_7285eb3,770ea36c.jpg
w_c92b4f5,67a07e99.jpg
w_851a7f4,c6b2378d.jpg
w_c6be61e,22f3d8da.jpg
w_d382236,bc04197c.jpg
w_b6d4901,52f9198d.jpg
w_5ba417d,10152392.jpg
w_19ca2c6,07f72a6c.jpg
w_b4ad62f,b1ebf301.jpg
w_656afeb,f22f70c1.jpg
w_2fdee7b,fe8b1349.jpg
w_75378d3,dc44e20c.jpg
w_e3c0ae5,e9a70bdd.jpg
w_acc67ea,14e2f693.jpg
w_0fecdf7,9b94f730.jpg
w_b5e3076,c2ba67f8.jpg
w_f03ca16,00f6144a.jpg
w_bd61ca9,1ba6c9d3.jpg
w_b4732ef,03a6788d.jpg
w_6c803bf,47731f57.jpg
w_6e42b8e,15db0c99.jpg
w_53859b2,890cf8c4.jpg
w_6dd7c3d,8a2bd62b.jpg
w_98baff9,0dc1225d.jpg
w_e0efc4f,6aa083b3.jpg
w_4a7080a,b5563c3b.jpg
w_fd1cb9d,c2ecbc6e.jpg
w_1287fbc,eb40c5a3.jpg
w_64a51a4,2535d991.jpg
w_2b939eb,47573afa.jpg
w_d10472d,53f4c915.jpg
w_2a939eb,dcb1689d.jpg
w_c6b1412,77b1196b.jpg
w_f4e0748,0155fbc9.jpg
w_1fc14e9,a9c37f80.jpg
w_36ac97f,0d857529.jpg
w_e69cef0,8dca9d64.jpg
w_6cef37c,381b811e.jpg
w_ddbf533,a07c5ba7.jpg
w_fb8ca1e,64980f71.jpg
w_1904e8c,a07c519a.jpg
w_db2baec,3b05aa85.jpg
w_2d963bb,37f999b3.jpg
w_c0f3e88,b027b2dc.jpg
w_f70f725,f5d69e73.jpg
w_17e592c,c49bb103.jpg
w_6d4dedc,46ebe2d8.jpg
w_b318111,c65ccdeb.jpg
w_61e1076,ca789412.jpg
w_024358d,be3dee76.jpg
w_63d10a1,8b444465.jpg
w_f83b1f9,8683cf73.jpg
w_7cfaa82,14936c65.jpg
w_7bf3a5c,78bdbd57.jpg
w_5cc2285,08d41bb4.jpg
w_2db01d5,5ebd411a.jpg
w_9b401eb,c775bb99.jpg
w_0a565c5,03fa1cb6.jpg
w_74011a2,3593f9a9.jpg
w_57e8a80,67d4721b.jpg
w_e3c0ae5,468664aa.jpg
w_4c3cd83,7e1e226a.jpg
w_1e3ce01,10128953.jpg
w_7e49f1e,bb16aab5.jpg
w_307065e,20c2040d.jpg
w_cb7b682,de71e442.jpg
w_13c6b6b,f9dfbe92.jpg
w_8209e5c,703b6a1d.jpg
w_c9dfa13,81556ead.jpg
w_39c7462,9a427015.jpg
w_97493dd,38c4b945.jpg
w_0ae998f,382db4ae.jpg
w_8a31e6c,833e8a2c.jpg
w_16ea0b2,187da3e1.jpg
w_f19faeb,53d0da96.jpg
w_be3c0f5,033e77b1.jpg
w_2d99a0c,2d387a21.jpg
w_5d50ea2,03ed35cc.jpg
w_9875c12,9ff10941.jpg
w_cb7b682,b46e95ad.jpg
w_3063bf4,24cd5213.jpg
w_dcb1f2a,1e2fb477.jpg
w_9ea2cc3,ba96a047.jpg
w_222dcb7,46f538ff.jpg
w_b1acbb9,1091c1d2.jpg
w_490c8a0,beae652c.jpg
w_7895123,f51756c7.jpg
w_dfbfe10,9206e079.jpg
w_741861e,37dd3db7.jpg
w_8a2e496,1419d98c.jpg
w_89e159a,f44e3480.jpg
w_5f0a14c,bff65826.jpg
w_3b5403b,6c36e340.jpg
w_e58fbe3,e8563083.jpg
w_9c383c8,5ee9e4ba.jpg
w_0771d4b,4d1f7932.jpg
w_92d55a6,866a24fe.jpg
w_f986587,87e70d61.jpg
w_adb041c,474f4d53.jpg
w_3cbccb7,f9a60ba8.jpg
w_1948625,9c660fc5.jpg
w_3d187b5,b017b20d.jpg
w_3fc3d07,fc881d58.jpg
w_711aaa1,9f92b98d.jpg
w_9ec358c,8d13bf14.jpg
w_b678944,a4b52499.jpg
w_0e9f6d9,2f950e12.jpg
w_1875b28,7821579e.jpg
w_b942708,fefaae7b.jpg
w_17370ba,7ec7f33e.jpg
w_42dd100,7db594d6.jpg
w_18eee6e,4bba91b5.jpg
w_a400ddd,28f68c2a.jpg
w_2d99a0c,ba139a47.jpg
w_1dc6d62,54b67380.jpg
w_33973bf,34d411e6.jpg
w_f8e6546,133aefa1.jpg
w_63035d1,587a46d2.jpg
w_8963cff,827b658d.jpg
w_d382236,d55aa9e0.jpg
w_f86488a,012e93ba.jpg
w_3cf3853,15dac55a.jpg
w_ee17a08,7a723b4d.jpg
w_7f999ff,6aab7ad6.jpg
w_c0d494d,46768514.jpg
w_83714b7,024b37ba.jpg
w_993d66c,585da8d7.jpg
w_98f0e93,662af3b2.jpg
w_3694c7d,6004207b.jpg
w_18eee6e,9afb9e79.jpg
w_2a9727c,2e501bca.jpg
w_c133ea8,7dca2c1a.jpg
w_7b035cc,e62ba47b.jpg
w_b7d5069,4a480c29.jpg
w_0dbfc31,176f334d.jpg
w_3de676c,d93330ee.jpg
w_a687e28,8376a344.jpg
w_ec853f1,7fa99f8d.jpg
w_cc5fae7,e1159e3d.jpg
w_8fd5636,db3a20cd.jpg
w_813c5be,3facd290.jpg
w_715d152,02d1ea75.jpg
w_be20b46,15868edb.jpg
w_505a141,da6e9eb8.jpg
w_1911cbb,aad60fd7.jpg
w_4b04829,50894d3c.jpg
w_d5ec83f,8cc0347b.jpg
w_c9dc73e,f9feb540.jpg
w_94cd45e,f136b20b.jpg
w_d1d8f98,cd8f4599.jpg
w_a2e2f8e,55b73194.jpg
w_cb5ea24,8ae6238d.jpg
w_7e5cc5e,4b314d1a.jpg
w_13c6b6b,c900f00c.jpg
w_49bbc79,786620b6.jpg
w_222dcb7,819999f7.jpg
w_a646643,5f9c3967.jpg
w_c0d494d,6c6ca710.jpg
w_7b69289,a954819b.jpg
w_c5d7c03,8a9cf7e5.jpg
w_1f09cdd,c557cea5.jpg
w_11adaae,54ea57a6.jpg
w_156c0db,3db64900.jpg
w_5dbe64d,09ced459.jpg
w_8b15b96,5c42c5f3.jpg
w_3b0894d,f93483e6.jpg
w_ccfdb00,04342c48.jpg
w_43be268,ae3a4ee0.jpg
w_a85a3c9,548044fb.jpg
w_8e451d9,5b8f796e.jpg
w_4e52a49,44023ae4.jpg
w_6734e40,2a9b8f29.jpg
w_44cccf6,baf0fceb.jpg
w_a494171,c1117fca.jpg
w_cbac51f,b59aa327.jpg
w_5ad2030,54280d7d.jpg
w_efbb71a,ee6a201c.jpg
w_be32bec,6601b15c.jpg
w_a14ccaa,9e0b9be9.jpg
w_2d99a0c,d2d22d0c.jpg
w_b6410bc,71ca8656.jpg
w_c9e1cdc,f404c290.jpg
w_f4224b9,391e3e6b.jpg
w_53064a6,9a030827.jpg
w_505a141,44edd765.jpg
w_69185bb,08bd7ff9.jpg
w_17d5eb9,42ae50d8.jpg
w_960b6f0,34ab510e.jpg
w_1d53d9c,7915ec48.jpg
w_b6ed5d2,4276072e.jpg
w_ae27ddc,118a681a.jpg
w_c90c37a,c6982fcf.jpg
w_3b3b9b2,eb32e979.jpg
w_c00534d,5f4ec6a8.jpg
w_ae1db8a,d0d59d84.jpg
w_4fd48e7,af9c0177.jpg
w_1287fbc,78da3ecc.jpg
w_fb72090,959ed9af.jpg
w_e42c624,1c7e4b95.jpg
w_f5b8faf,4cd91905.jpg
w_e147c40,600574f8.jpg
w_654a5bb,1061ba94.jpg
w_e3f51ec,7a126d57.jpg
w_a964291,e30051c6.jpg
w_3694c7d,68032357.jpg
w_a21cc97,5ce09256.jpg
w_3461d6d,e17cf0ca.jpg
w_6c23fcc,afbe35e6.jpg
w_1d2fbc1,f3b90f23.jpg
w_b9f5b8b,736aa502.jpg
w_f792125,804fdd64.jpg
w_4fd48e7,9f5e95f8.jpg
w_2b28681,63898194.jpg
w_ebe0ad5,091f2b44.jpg
w_2901dbf,adb05093.jpg
w_6af9dd7,5066368c.jpg
w_cda4b05,d2c0fcda.jpg
w_4378542,f08187c6.jpg
w_b729b1f,eaeced15.jpg
w_7f81ba5,c474c3ea.jpg
w_bfe749f,a9c7e8cf.jpg
w_3d66298,e261399a.jpg
w_67fecca,50fc5bc4.jpg
w_532fb22,492dd9d9.jpg
w_f87b77b,333f5d85.jpg
w_e1431ba,314accb4.jpg
w_e61dd6d,87cdca55.jpg
w_fd1cb9d,7f3b271e.jpg
w_a3c6ed0,23462766.jpg
w_c59d04b,1cf9c199.jpg
w_f208155,b50847a8.jpg
w_9b098ea,adbd023b.jpg
w_3d8c865,f68141e9.jpg
w_dd66cf9,648a302a.jpg
w_6503ccd,ca3ca623.jpg
w_a66b2a5,12095c70.jpg
w_7292419,53fdf67c.jpg
w_5a5c560,4be884b0.jpg
w_2850471,cd3f80b7.jpg
w_d8f848c,924df66f.jpg
w_3cbccb7,3b54f368.jpg
w_41f0a7e,73319f75.jpg
w_351a1e1,0f1db116.jpg
w_0d39a68,fa1502db.jpg
w_e603cc5,c707fbf7.jpg
w_a19eecd,82a984e5.jpg
w_8f3cb68,2fb8dee1.jpg
w_06dbe6b,0fe297c2.jpg
w_0378699,46e27bcc.jpg
w_4f6fabd,3504769d.jpg
w_7ed0d17,d130cc71.jpg
w_a526492,5cb8590c.jpg
w_eb0a6ed,7275e6ad.jpg
w_6361632,9ba29493.jpg
w_b6efe77,6a232eb6.jpg
w_19dc50f,73941bf0.jpg
w_d2b4956,f0526414.jpg
w_78999a6,40e2b2fa.jpg
w_1ae1386,7848b6e7.jpg
w_6cef37c,16946573.jpg
w_abe383e,70dc9092.jpg
w_deb33de,5450ee34.jpg
w_d6df554,de8018da.jpg
w_8158b1f,45caf4cb.jpg
w_45e8ea5,634a81d4.jpg
w_721d2e9,d0d1693e.jpg
w_1489751,1135131b.jpg
w_e7aa703,6ed053fe.jpg
w_432b162,517658a4.jpg
w_402784d,a2892438.jpg
w_e3c0ae5,574994c5.jpg
w_b688397,a084a4da.jpg
w_dcb1f2a,e57d01a5.jpg
w_c98f439,84af8c30.jpg
w_5cc51d6,fa28164f.jpg
w_ace8c54,df4891f4.jpg
w_41da937,826fac90.jpg
w_fae2cb6,531085a0.jpg
w_c622a3f,7557379c.jpg
w_2d2de1d,016672a3.jpg
w_fa32440,2fb41d90.jpg
w_0c6dbbe,5e691528.jpg
w_2cdf820,38521f27.jpg
w_1911cbb,00ba8a1f.jpg
w_db0ad01,1cba4519.jpg
w_a335e80,9324ef8b.jpg
w_bc18612,234f268d.jpg
w_3f907d6,21b20425.jpg
w_f229b69,f70ea687.jpg
w_a779e16,0a06a1a8.jpg
w_8459e39,d4890c11.jpg
w_248af0b,147040d2.jpg
w_717a293,95faf9bb.jpg
w_63d1ea6,8406467e.jpg
w_5297ab3,1e232b48.jpg
w_abe383e,4aacebfb.jpg
w_7427ace,4c0c70f1.jpg
w_70a31ce,cab03664.jpg
w_ed69e9c,fef5a915.jpg
w_b8dff40,af3d8a0c.jpg
w_798bf53,db18258d.jpg
w_11adaae,ea106a8e.jpg
w_ef52dd3,60277eb6.jpg
w_001ebbc,5c970898.jpg
w_a21cc97,43427188.jpg
w_f099dc8,765828e4.jpg
w_9c70a11,636e3758.jpg
w_d9055d1,9b612c7e.jpg
w_41afa58,6155ece7.jpg
w_b75f378,2f1cf14d.jpg
w_df15cc8,cb5d25f5.jpg
w_1e5a146,0647afb6.jpg
w_5010531,cfbcf385.jpg
w_b4369cc,21d919af.jpg
w_7a53e0c,29e9d432.jpg
w_44cccf6,3c217407.jpg
w_21e178f,460f626e.jpg
w_7b035cc,5c6ac6d1.jpg
w_1917275,135e66d5.jpg
w_0819271,b4d0094a.jpg
w_7b035cc,e418ffa0.jpg
w_f8e6546,8cab1bbd.jpg
w_bd61ca9,88d95a67.jpg
w_b70a0c4,649cdaa3.jpg
w_cd1f1ed,6c2b4fe9.jpg
w_6af9dd7,e119f2d7.jpg
w_64830fa,ac2496fd.jpg
w_4fa1bd5,d9c9e17c.jpg
w_c94f464,875e36d5.jpg
w_40323ac,28e1e63b.jpg
w_993d66c,980f3c8f.jpg
w_efbb71a,efb24d6f.jpg
w_2663598,16843cf1.jpg
w_7311fe4,e8cf61d4.jpg
w_4f37147,6c681c2d.jpg
w_6af9dd7,3aa329e0.jpg
w_6b3402d,5a4e66fb.jpg
w_e0e133a,87bf4ffd.jpg
w_7885601,658b2fce.jpg
w_f792125,d03cb19b.jpg
w_076c122,e6cf6bde.jpg
w_0d39a68,fab0568c.jpg
w_86b3f04,ed3870b4.jpg
w_c027e4e,238e636c.jpg
w_2a04ceb,6c1755cd.jpg
w_e594616,14ca3e87.jpg
w_89e159a,28c543db.jpg
w_6f40f26,48d15c07.jpg
w_0ecff13,9abf40e9.jpg
w_5570053,72e5f467.jpg
w_febafc1,e4b6a768.jpg
w_bb2d34d,edf11234.jpg
w_b6e6392,b48ce13a.jpg
w_fdf60bb,a5872e02.jpg
w_bb2d34d,1596a1f0.jpg
w_f83b1f9,f7d9bdbb.jpg
w_a048f26,19b5b60c.jpg
w_a2a1378,287d564b.jpg
w_8cd3036,3db69083.jpg
w_813c5be,3d6ea9d9.jpg
w_b678944,f8999c11.jpg
w_1e7bb93,c3da3791.jpg
w_17ee910,1cb55d8d.jpg
w_9ca943b,5590f7ec.jpg
w_8e3ebeb,963f6efd.jpg
w_a31aa30,c179189d.jpg
w_90f74ae,4178508a.jpg
w_c622a3f,2f9106fb.jpg
w_dcf2001,bb2b7703.jpg
w_95874a5,3e5bf43e.jpg
w_e0bbddc,b0c608b8.jpg
w_9d0e84a,20ac0cfb.jpg
w_6092d5c,a3c563ad.jpg
w_3061bdd,ae417ffa.jpg
w_212b985,0da36c22.jpg
w_ee948c6,31189c14.jpg
w_89d9c03,fb40ee1f.jpg
w_d35355e,1b556f40.jpg
w_06ff732,0b9f6c8c.jpg
w_8c1e2e4,b264efb8.jpg
w_3cdf114,58985579.jpg
w_78948b5,79e208df.jpg
w_4225bb3,b52b8058.jpg
w_1a70685,c59d3f18.jpg
w_6dc7db6,d47891b3.jpg
w_d3c8520,d5d7da9a.jpg
w_143b201,6519050c.jpg
w_655efb0,c398dc5a.jpg
w_f803b29,0ccf408f.jpg
w_48dd419,d7912574.jpg
w_7bda16b,aa5f4a9e.jpg
w_a3cd405,e995c24e.jpg
w_837646b,1b851846.jpg
w_87e00c8,79660261.jpg
w_2cde7c0,d9ecdc32.jpg
w_ce7c6c0,89e24612.jpg
w_5f2b407,3f74813b.jpg
w_c27d036,f24e9df1.jpg
w_18a1bf2,53cb3bd6.jpg
w_e4f1fcc,8c5a876f.jpg
w_4133134,8f169741.jpg
w_6badfcf,c84c7d50.jpg
w_c0d494d,e0d6c3fa.jpg
w_011d4b5,1ea5bf57.jpg
w_8d83172,e77f316a.jpg
w_c390258,32bff2a4.jpg
w_9ca943b,4be953b8.jpg
w_c3ff6f2,f4bf282a.jpg
w_a526492,29f785f2.jpg
w_87c4190,a52b0a4c.jpg
w_127f4c6,f5d08cc0.jpg
w_3cf3853,0a8fbbf4.jpg
w_b41e229,6cb9e39b.jpg
w_38bcd3e,47d3015d.jpg
w_ffb4e3d,0a533e48.jpg
w_7a9f3f6,e34edff8.jpg
w_85f9040,2e7687ac.jpg
w_ecb9a79,c0e0399c.jpg
w_5e04db0,a009828c.jpg
w_a8990f1,71296ac3.jpg
w_b688397,a1065c57.jpg
w_61cf42e,f7b3ce58.jpg
w_9ec358c,0d4ca8ca.jpg
w_7028d77,5e11afa5.jpg
w_7214e98,302e4f13.jpg
w_a91600a,f85c3c55.jpg
w_5e57e8b,fec131b4.jpg
w_57c14db,adf60592.jpg
w_8719b04,38838870.jpg
w_fe922c3,732de5a2.jpg
w_fe5e78b,9633586d.jpg
w_059e347,e3dc2020.jpg
w_c0560ac,d4660728.jpg
w_503ff17,bcea9559.jpg
w_f19faeb,2b146f8e.jpg
w_57c14db,37fa4229.jpg
w_5a81425,45aaecf2.jpg
w_099c712,5301133a.jpg
w_45461e6,95561b35.jpg
w_83034c7,8ed8ef53.jpg
w_18df014,850e658c.jpg
w_9868b95,012acadb.jpg
w_0b3b659,d7d9cfda.jpg
w_eb47189,ae336a3e.jpg
w_5af463d,788feb6e.jpg
w_96c141f,64d05eb2.jpg
w_0d049cf,81cf8057.jpg
w_076c122,d4ddd304.jpg
w_e3bb130,d7f9321a.jpg
w_1431f4b,2085e646.jpg
w_4404247,689b3eda.jpg
w_1743d93,5b334adf.jpg
w_fcda065,877709ea.jpg
w_9151503,0db2fac7.jpg
w_654a5bb,0067109a.jpg
w_bcb0696,b892c986.jpg
w_7248590,e64baa7b.jpg
w_59eb8ae,5bb50ede.jpg
w_6a3210a,e0d6c515.jpg
w_3026ce2,8ba9536c.jpg
w_4ebeafb,dbd76895.jpg
w_a837660,5acd9fe8.jpg
w_69f4311,cc813b32.jpg
w_0be0d81,f09a3afe.jpg
w_2bea4c4,3b3cd5f6.jpg
w_5a2075e,a3dd88cb.jpg
w_9b3ed01,4478629c.jpg
w_4a1e58b,4a82091e.jpg
w_d3ce445,3a7e31d2.jpg
w_a837660,436f533f.jpg
w_a3c6ed0,ddd28412.jpg
w_01b2250,5606c095.jpg
w_1ed4dde,3ad662a6.jpg
w_824f286,fea5197b.jpg
w_a8bc2bc,51b8c278.jpg
w_20ba84b,0140ff79.jpg
w_4dfe7cb,e98fc0b4.jpg
w_0b7cc25,2fe4d169.jpg
w_67de30b,ea59d34b.jpg
w_f115d53,12789b63.jpg
w_5f50b5e,82b07645.jpg
w_ba17206,7cbd7fc7.jpg
w_abc2eda,d8249316.jpg
w_59866ca,ef6b9274.jpg
w_cc759cd,1246c901.jpg
w_ecbf9fa,59bcbead.jpg
w_f185562,63a2d07c.jpg
w_b3655a6,007b353c.jpg
w_30f095d,87b332ee.jpg
w_c0daf38,1484d7b4.jpg
